episode,timestep,reward
8,2000,-123.2757
18,4000,-333.8902
28,6000,-135.9163
38,8000,-233.3337
48,10000,-162.3118
57,12000,-169.2114
67,14000,-248.6717
77,16000,-233.6148
86,18000,-358.4445
95,20000,-216.1139
104,22000,-296.4756
113,24000,-92.7866
123,26000,-286.5179
133,28000,-360.8449
142,30000,-347.2297
150,32000,-96.2877
160,34000,-395.8454
170,36000,-396.0088
179,38000,-252.2349
190,40000,-168.3903
199,42000,-182.5879
209,44000,-185.2422
218,46000,-147.257
226,48000,-13.6198
236,50000,-110.0786
244,52000,-21.7403
254,54000,-126.517
264,56000,-341.5204
274,58000,-148.8507
283,60000,-217.4665
292,62000,-173.9647
302,64000,-244.7678
311,66000,-239.6021
321,68000,-141.774
329,70000,-426.6805
339,72000,-229.3028
348,74000,-340.1254
358,76000,-188.6258
367,78000,-186.5168
376,80000,-277.4772
385,82000,-136.7576
394,84000,-293.5696
403,86000,-75.5346
412,88000,-252.8762
421,90000,-132.1223
431,92000,-160.0906
440,94000,-159.2011
450,96000,-258.9652
459,98000,-214.6116
468,100000,-181.6958
478,102000,-63.5229
488,104000,-124.3114
497,106000,-123.9009
507,108000,-98.36
517,110000,-208.9864
526,112000,-343.6412
536,114000,-267.7988
546,116000,-300.9733
556,118000,-245.5087
565,120000,-109.5072
575,122000,-271.7946
584,124000,-190.2166
594,126000,-47.3166
603,128000,-296.0546
613,130000,-188.0171
622,132000,-227.859
631,134000,-199.8504
641,136000,-135.4657
650,138000,-161.8605
659,140000,-180.7453
669,142000,-105.2303
678,144000,-193.0592
687,146000,-233.1833
697,148000,-189.266
706,150000,-290.5816
715,152000,-122.5586
724,154000,-318.7365
734,156000,-168.6574
743,158000,-189.6799
753,160000,-187.1107
762,162000,-153.4792
772,164000,-139.5444
781,166000,-171.7802
791,168000,-226.9102
800,170000,-217.3784
809,172000,-96.244
819,174000,-216.9848
829,176000,-105.4889
839,178000,-144.5906
848,180000,-147.5122
857,182000,-263.7086
867,184000,-383.3299
876,186000,-262.9647
885,188000,-286.5328
894,190000,-349.6033
904,192000,-211.1443
914,194000,-220.6806
923,196000,-145.8846
933,198000,-57.5367
942,200000,-49.4388
951,202000,-134.4251
961,204000,-194.872
971,206000,-306.4596
980,208000,-280.0515
989,210000,-349.471
999,212000,-196.4225
1008,214000,-252.4146
1017,216000,-224.8846
1027,218000,-304.4245
1036,220000,-120.0464
1045,222000,-240.9783
1055,224000,-121.2493
1064,226000,-251.6904
1074,228000,-252.6238
1083,230000,-132.1513
1093,232000,-305.2261
1103,234000,-171.164
1112,236000,-283.4383
1121,238000,-54.6853
1131,240000,-86.2945
1140,242000,-154.4687
1150,244000,-158.7429
1159,246000,-237.3604
1169,248000,-90.9945
1178,250000,-200.8772
1187,252000,-205.8509
1197,254000,-150.7424
1206,256000,-204.9726
1216,258000,-134.2457
1225,260000,72.659
1235,262000,-44.4838
1245,264000,-87.3426
1255,266000,-35.827
1266,268000,-205.5994
1276,270000,-154.0389
1285,272000,-180.476
1295,274000,-98.9145
1304,276000,-5.1169
1314,278000,-192.7602
1324,280000,-167.4839
1334,282000,21.8296
1343,284000,-131.5538
1353,286000,-160.79
1362,288000,-86.5406
1372,290000,11.4968
1381,292000,-168.2484
1391,294000,-129.2898
1401,296000,-149.38
1411,298000,-74.3858
1421,300000,-126.6114
1430,302000,-131.6551
1440,304000,-116.8414
1450,306000,-150.0961
1459,308000,-17.8778
1469,310000,-261.3055
1478,312000,-204.077
1488,314000,-97.3928
1497,316000,-76.8527
1507,318000,-139.0712
1516,320000,-183.102
1526,322000,-79.6789
1535,324000,-54.643
1544,326000,-135.1513
1554,328000,-62.0457
1564,330000,-129.3653
1575,332000,-147.4089
1584,334000,-130.4386
1594,336000,-39.5514
1604,338000,-104.3925
1614,340000,-134.2886
1624,342000,-113.9511
1634,344000,-86.2374
1643,346000,-166.5768
1653,348000,-43.5612
1662,350000,-40.7045
1672,352000,-98.6339
1681,354000,-0.8634
1692,356000,-116.6561
1702,358000,-17.4135
1711,360000,-122.5615
1721,362000,-94.9693
1731,364000,-57.9216
1741,366000,-102.0643
1751,368000,-121.9363
1761,370000,-66.8567
1770,372000,-72.6786
1780,374000,-119.3695
1790,376000,-123.833
1800,378000,109.6901
1809,380000,22.8271
1818,382000,-57.791
1828,384000,-104.9347
1838,386000,-117.7625
1847,388000,-133.8052
1857,390000,13.2969
1867,392000,-38.8841
1877,394000,-70.4596
1886,396000,34.7921
1896,398000,-1.4946
1906,400000,-71.7888
1916,402000,-67.1644
1926,404000,-50.4857
1935,406000,-61.5847
1945,408000,46.3202
1954,410000,-33.9506
1964,412000,-27.7517
1974,414000,-93.3398
1984,416000,14.5841
1993,418000,-215.5872
2003,420000,17.1948
2013,422000,11.2223
2022,424000,-44.2515
2032,426000,-28.6623
2043,428000,-13.5151
2052,430000,72.1343
2062,432000,27.0669
2071,434000,-4.3206
2080,436000,-31.2718
2090,438000,-154.838
2100,440000,-67.4726
2110,442000,51.8677
2121,444000,-46.2695
2131,446000,-11.372
2141,448000,-47.689
2151,450000,-33.6144
2160,452000,-17.9676
2170,454000,22.9442
2179,456000,-45.0736
2189,458000,6.3059
2199,460000,-24.1163
2208,462000,-22.3405
2218,464000,-42.2558
2228,466000,18.5322
2239,468000,24.3603
2249,470000,-234.8274
2258,472000,-175.844
2267,474000,-100.3177
2277,476000,-54.5366
2287,478000,10.1862
2297,480000,38.2151
2307,482000,-52.2005
2317,484000,-54.7676
2327,486000,18.6002
2337,488000,-27.589
2347,490000,11.5374
2357,492000,-61.8525
2367,494000,70.3021
2377,496000,42.6219
2387,498000,-72.3273
2397,500000,-49.2801
2407,502000,23.0065
2416,504000,-9.0923
2426,506000,-21.9301
2437,508000,4.1356
2446,510000,2.6676
2456,512000,16.6013
2466,514000,-50.7237
2476,516000,77.2376
2486,518000,19.9201
2496,520000,42.1284
2506,522000,88.448
2515,524000,80.3524
2525,526000,-23.9776
2536,528000,-28.8589
2546,530000,-13.3725
2556,532000,48.3733
2566,534000,68.5426
2575,536000,85.4015
2585,538000,52.4079
2595,540000,-30.9906
2605,542000,-13.1579
2615,544000,-29.9601
2624,546000,-22.2205
2634,548000,-9.2686
2644,550000,-158.4785
2653,552000,-52.2215
2662,554000,-71.9766
2672,556000,31.3783
2683,558000,23.6712
2693,560000,-57.9421
2703,562000,-27.4912
2713,564000,-1.823
2723,566000,35.6544
2733,568000,-102.9899
2743,570000,10.4378
2753,572000,-41.4965
2762,574000,46.4077
2772,576000,-94.7507
2782,578000,31.5655
2792,580000,39.1927
2803,582000,-4.3602
2813,584000,-28.8799
2822,586000,-101.7992
2832,588000,10.7504
2842,590000,12.445
2852,592000,-37.6517
2862,594000,-20.8906
2871,596000,24.8247
2881,598000,-7.3224
2891,600000,16.8411
2900,602000,-100.5626
2910,604000,-20.4192
2920,606000,15.9594
2931,608000,-34.7251
2940,610000,-58.3419
2950,612000,-24.1961
2960,614000,-54.857
2970,616000,-35.6037
2980,618000,19.5336
2990,620000,-4.8219
2999,622000,-32.5692
3009,624000,-159.9802
3019,626000,-0.4793
3029,628000,57.7145
3039,630000,-28.3928
3049,632000,-15.7111
3060,634000,-6.4558
3070,636000,21.5347
3080,638000,12.529
3090,640000,67.5623
3100,642000,-6.4876
3110,644000,-38.0951
3120,646000,62.8508
3130,648000,-31.7763
3140,650000,14.5861
3150,652000,-35.402
3159,654000,160.2155
3168,656000,50.3675
3178,658000,9.5335
3188,660000,5.9145
3198,662000,14.4341
3208,664000,0.4968
3218,666000,-22.502
3228,668000,-49.9863
3238,670000,68.6151
3247,672000,-30.4242
3257,674000,23.474
3266,676000,15.096
3276,678000,28.6822
3286,680000,-14.8741
3296,682000,-3.4872
3306,684000,17.4048
3316,686000,4.0869
3326,688000,129.202
3336,690000,-42.9871
3346,692000,-16.5495
3356,694000,-33.4763
3365,696000,-33.2602
3375,698000,14.9795
3385,700000,-47.9976
3395,702000,-25.8479
3405,704000,73.3105
3415,706000,22.9205
3425,708000,-19.6072
3435,710000,-75.4732
3445,712000,38.5754
3455,714000,37.0959
3464,716000,5.4304
3474,718000,-13.9838
3484,720000,-19.7573
3495,722000,38.878
3504,724000,41.3326
3514,726000,28.6507
3523,728000,5.3895
3533,730000,39.9981
3542,732000,17.2839
3552,734000,-46.4981
3561,736000,224.1504
3571,738000,-63.9907
3581,740000,9.1643
3590,742000,-26.5064
3600,744000,-35.1358
3610,746000,11.5838
3620,748000,41.7507
3630,750000,-18.177
3640,752000,10.1873
3649,754000,5.9826
3659,756000,-26.0475
3669,758000,5.0197
3678,760000,52.8562
3688,762000,-76.1393
3697,764000,-67.7197
3706,766000,-35.2784
3716,768000,39.5383
3725,770000,-440.7091
3734,772000,-109.0091
3744,774000,-298.9048
3752,776000,-134.3363
3762,778000,-151.0263
3771,780000,-107.169
3780,782000,50.2742
3789,784000,-7.1902
3799,786000,-161.8965
3808,788000,-21.5935
3818,790000,-42.2094
3827,792000,-63.8596
3836,794000,-8.789
3845,796000,-78.2456
3855,798000,-46.469
3865,800000,-32.3419
3874,802000,-54.8606
3884,804000,-68.6288
3894,806000,-116.7819
3903,808000,-136.4924
3913,810000,8.8424
3922,812000,-86.752
3932,814000,-269.3094
3941,816000,-320.9424
3951,818000,-158.0607
3960,820000,-416.3568
3970,822000,22.5535
3980,824000,-95.9408
3990,826000,25.7752
4000,828000,-33.3459
4009,830000,2.4257
4019,832000,62.1125
4028,834000,-29.5461
4038,836000,-68.0984
4048,838000,35.1253
4058,840000,20.5058
4068,842000,-18.6858
4078,844000,-0.6532
4089,846000,-74.7969
4097,848000,25.0847
4108,850000,-34.288
4117,852000,-30.3183
4127,854000,15.334
4137,856000,16.9827
4147,858000,21.9076
4156,860000,-61.262
4166,862000,38.7969
4176,864000,109.19
4186,866000,38.481
4196,868000,17.4433
4206,870000,163.168
4215,872000,-3.5098
4225,874000,-49.0753
4236,876000,-55.8135
4245,878000,27.025
4255,880000,-2.2667
4265,882000,-6.1442
4275,884000,52.9079
4284,886000,87.2526
4294,888000,11.0951
4304,890000,-34.8586
4314,892000,18.4501
4324,894000,20.9656
4333,896000,-68.8774
4343,898000,24.9186
4353,900000,-9.4817
4362,902000,44.0583
4372,904000,-41.1776
4382,906000,65.1621
4392,908000,-13.843
4402,910000,4.4754
4411,912000,-24.9215
4421,914000,-33.9316
4431,916000,34.2476
4441,918000,7.931
4452,920000,-26.8018
4462,922000,42.5872
4471,924000,29.4218
4482,926000,7.6977
4492,928000,59.8391
4502,930000,3.0541
4512,932000,6.2227
4522,934000,39.8244
4533,936000,53.1944
4543,938000,39.6527
4553,940000,39.6748
4563,942000,1.2894
4573,944000,1.5771
4583,946000,25.6241
4593,948000,-1.8155
4603,950000,-40.546
4613,952000,32.1364
4623,954000,34.2551
4634,956000,-21.2976
4643,958000,-46.3862
4653,960000,76.8945
4663,962000,-3.2742
4673,964000,21.2767
4683,966000,-91.9507
4693,968000,-23.6155
4703,970000,0.9232
4713,972000,50.0185
4722,974000,-105.8766
4731,976000,-78.6964
4741,978000,-197.3463
4751,980000,-72.6296
4760,982000,-22.3921
4770,984000,59.2877
4780,986000,-54.799
4789,988000,-160.9016
4800,990000,-112.2582
4809,992000,-84.3335
4819,994000,-65.2548
4829,996000,37.2145
4840,998000,33.6721
4850,1000000,14.2633
4860,1002000,-13.6114
4871,1004000,33.4556
4880,1006000,14.5012
4890,1008000,88.0763
4901,1010000,35.0727
4910,1012000,22.1252
4920,1014000,-1.7564
4930,1016000,14.9588
4939,1018000,167.7813
4949,1020000,85.7405
4959,1022000,104.7608
4969,1024000,14.486
4979,1026000,83.0644
4989,1028000,65.9157
4998,1030000,-39.171
5008,1032000,27.053
5018,1034000,18.9548
5027,1036000,31.9763
5038,1038000,12.3519
5048,1040000,17.7693
5058,1042000,5.541
5068,1044000,29.5075
5078,1046000,-21.0289
5087,1048000,34.6477
5097,1050000,20.0445
5107,1052000,9.8235
5117,1054000,70.7841
5127,1056000,26.6462
5137,1058000,20.9687
5147,1060000,54.7177
5157,1062000,12.4122
5167,1064000,-2.2571
5177,1066000,68.4421
5187,1068000,154.2406
5196,1070000,-22.3754
5206,1072000,38.1831
5216,1074000,16.8418
5225,1076000,-3.8971
5235,1078000,37.8112
5245,1080000,22.5986
5255,1082000,42.7972
5266,1084000,4.5379
5275,1086000,110.8771
5286,1088000,10.1303
5295,1090000,35.5175
5305,1092000,23.4596
5315,1094000,-4.6257
5326,1096000,16.8871
5336,1098000,-17.5943
5346,1100000,6.9265
5356,1102000,30.9748
5367,1104000,29.7736
5377,1106000,43.4813
5387,1108000,-11.8791
5397,1110000,-54.1194
5408,1112000,52.384
5418,1114000,61.0557
5427,1116000,0.0742
5437,1118000,-24.7331
5447,1120000,31.0283
5457,1122000,22.8233
5466,1124000,-2.0482
5476,1126000,-18.354
5486,1128000,-0.9477
5497,1130000,-37.9693
5507,1132000,18.1603
5516,1134000,42.5069
5525,1136000,-68.2357
5535,1138000,17.797
5545,1140000,23.4262
5555,1142000,-9.4716
5565,1144000,31.2832
5575,1146000,42.5392
5585,1148000,67.3509
5595,1150000,-13.8964
5605,1152000,-67.3807
5615,1154000,-20.1248
5626,1156000,-42.5387
5636,1158000,41.3172
5646,1160000,39.3315
5656,1162000,-80.9751
5666,1164000,-116.0507
5676,1166000,-0.5991
5686,1168000,-13.8424
5696,1170000,-92.9032
5706,1172000,-232.2066
5714,1174000,14.0276
5724,1176000,-96.7206
5734,1178000,-43.5998
5744,1180000,-115.8776
5754,1182000,-31.4269
5764,1184000,-59.3927
5775,1186000,60.408
5784,1188000,-4.7875
5794,1190000,-51.6827
5804,1192000,33.0175
5814,1194000,-33.7401
5824,1196000,-138.6794
5834,1198000,-41.6564
5845,1200000,-12.0853
5855,1202000,-58.2023
5865,1204000,-17.9468
5875,1206000,0.9577
5885,1208000,42.3697
5895,1210000,46.7464
5905,1212000,59.13
5915,1214000,19.3599
5926,1216000,58.3623
5937,1218000,86.55
5947,1220000,10.2054
5957,1222000,78.2108
5967,1224000,2.2957
5978,1226000,-21.887
5988,1228000,-30.2811
5998,1230000,19.055
6009,1232000,76.0555
6018,1234000,0.6796
6029,1236000,-92.399
6039,1238000,-54.5958
6050,1240000,76.9189
6060,1242000,4.0949
6071,1244000,60.8952
6081,1246000,26.0397
6091,1248000,44.3775
6102,1250000,-23.0801
6113,1252000,-8.224
6123,1254000,10.2926
6132,1256000,-32.4759
6142,1258000,-145.2062
6152,1260000,30.6371
6162,1262000,-56.9153
6172,1264000,-10.973
6182,1266000,2.1909
6193,1268000,-42.9706
6204,1270000,48.9537
6214,1272000,44.7666
6223,1274000,67.7738
6232,1276000,57.4228
6242,1278000,13.1248
6252,1280000,-2.3768
6262,1282000,16.8703
6272,1284000,-8.1017
6283,1286000,34.3942
6293,1288000,32.1428
6304,1290000,64.437
6315,1292000,42.9333
6325,1294000,-74.3085
6335,1296000,-99.5626
6345,1298000,43.8391
6356,1300000,6.4778
6365,1302000,-114.832
6375,1304000,91.1218
6385,1306000,33.06
6394,1308000,-45.5426
6404,1310000,-82.1626
6414,1312000,21.1444
6424,1314000,-135.3828
6434,1316000,-80.3296
6445,1318000,4.5252
6455,1320000,-9.6306
6466,1322000,-20.48
6477,1324000,54.6495
6486,1326000,-125.6563
6496,1328000,25.3251
6507,1330000,20.4492
6518,1332000,23.3331
6528,1334000,-8.7118
6539,1336000,-35.399
6549,1338000,-24.8697
6559,1340000,79.4066
6570,1342000,58.3411
6580,1344000,1.4628
6590,1346000,-59.0488
6599,1348000,-137.8872
6609,1350000,-122.6098
6619,1352000,-46.44
6629,1354000,-21.197
6639,1356000,8.3329
6649,1358000,-116.0359
6659,1360000,-220.7249
6669,1362000,-55.7353
6679,1364000,-119.8642
6689,1366000,-61.0453
6698,1368000,-71.2137
6709,1370000,8.933
6719,1372000,-40.3169
6729,1374000,44.6252
6740,1376000,9.2238
6749,1378000,97.3742
6759,1380000,93.2855
6768,1382000,-81.6877
6778,1384000,-26.4635
6786,1386000,-122.8613
6796,1388000,-102.3807
6806,1390000,11.7025
6817,1392000,-15.1391
6827,1394000,-57.5839
6838,1396000,29.1997
6848,1398000,50.3653
6858,1400000,37.3153
6867,1402000,-81.0387
6878,1404000,-102.6293
6887,1406000,-196.9982
6896,1408000,-110.2319
6907,1410000,25.1559
6917,1412000,115.182
6926,1414000,-70.4358
6937,1416000,64.5581
6946,1418000,21.5991
6956,1420000,-119.8842
6966,1422000,62.4651
6976,1424000,13.1637
6987,1426000,31.0623
6996,1428000,55.1022
7005,1430000,68.9406
7014,1432000,30.9888
7025,1434000,-30.3945
7036,1436000,2.5478
7046,1438000,3.9388
7056,1440000,-24.6005
7066,1442000,33.0752
7076,1444000,-55.59
7085,1446000,-55.3387
7095,1448000,44.5708
7106,1450000,-3.3565
7116,1452000,-47.1708
7125,1454000,-28.2234
7135,1456000,14.7427
7144,1458000,-39.776
7154,1460000,-52.8488
7164,1462000,-72.4231
7174,1464000,93.4227
7185,1466000,19.7194
7194,1468000,-12.2093
7204,1470000,-18.0802
7213,1472000,-47.2632
7222,1474000,-53.6226
7232,1476000,1.2398
7243,1478000,49.144
7253,1480000,26.1445
7263,1482000,21.566
7274,1484000,-19.3531
7284,1486000,5.2503
7295,1488000,46.6367
7305,1490000,-14.8913
7315,1492000,3.2531
7324,1494000,-38.2808
7334,1496000,-30.2
7344,1498000,0.1414
7355,1500000,53.1667
7365,1502000,-1.6435
7375,1504000,-69.1597
7385,1506000,-6.6463
7396,1508000,12.4659
7406,1510000,35.1364
7417,1512000,99.3351
7428,1514000,41.3209
7439,1516000,28.4556
7449,1518000,38.4491
7460,1520000,41.3536
7471,1522000,47.2925
7481,1524000,62.8933
7492,1526000,41.1495
7502,1528000,52.9224
7512,1530000,22.8703
7522,1532000,5.0851
7532,1534000,-17.4679
7542,1536000,2.1484
7554,1538000,76.6691
7564,1540000,78.0405
7574,1542000,104.5559
7585,1544000,-12.9523
7596,1546000,77.8355
7607,1548000,57.1045
7617,1550000,83.6572
7628,1552000,66.9511
7638,1554000,45.3105
7648,1556000,25.5375
7658,1558000,67.1374
7669,1560000,70.4896
7679,1562000,-81.8552
7690,1564000,48.2946
7701,1566000,14.5738
7712,1568000,88.6695
7723,1570000,59.2779
7734,1572000,108.8936
7744,1574000,16.3408
7754,1576000,-106.1521
7764,1578000,-61.4149
7775,1580000,25.4911
7785,1582000,-4.1447
7795,1584000,8.7301
7805,1586000,14.5145
7816,1588000,-3.7204
7826,1590000,88.8091
7837,1592000,57.6727
7848,1594000,33.8252
7859,1596000,77.0165
7870,1598000,43.2882
7881,1600000,75.8379
7891,1602000,28.8515
7902,1604000,44.8046
7912,1606000,73.8499
7922,1608000,27.3411
7933,1610000,48.5439
7943,1612000,62.312
7954,1614000,86.276
7964,1616000,72.6306
7975,1618000,5.4124
7985,1620000,27.822
7996,1622000,61.4047
8007,1624000,25.6382
8017,1626000,86.6092
8028,1628000,-6.8227
8040,1630000,53.7922
8051,1632000,46.475
8060,1634000,-8.2846
8071,1636000,93.5207
8082,1638000,42.9335
8093,1640000,88.1817
8105,1642000,103.3856
8116,1644000,96.0095
8126,1646000,43.0195
8136,1648000,75.933
8147,1650000,27.3677
8159,1652000,65.1622
8170,1654000,101.7393
8180,1656000,84.1952
8191,1658000,60.5563
8203,1660000,76.5641
8213,1662000,46.97
8224,1664000,46.9114
8234,1666000,129.3914
8244,1668000,99.1179
8254,1670000,9.2271
8265,1672000,107.6706
8275,1674000,122.3072
8286,1676000,66.6651
8296,1678000,102.9172
8307,1680000,18.1695
8317,1682000,79.2175
8328,1684000,70.0825
8339,1686000,34.2583
8350,1688000,48.0772
8360,1690000,80.6602
8371,1692000,77.1818
8382,1694000,80.5092
8392,1696000,31.5004
8401,1698000,41.7371
8412,1700000,83.5882
8422,1702000,117.9572
8433,1704000,51.8494
8443,1706000,7.8695
8453,1708000,-1.7825
8464,1710000,58.6058
8475,1712000,81.8357
8486,1714000,51.7265
8496,1716000,-4.9399
8506,1718000,-10.3884
8517,1720000,64.9294
8528,1722000,114.285
8538,1724000,49.9491
8549,1726000,62.3169
8560,1728000,49.1372
8570,1730000,66.0824
8581,1732000,-29.2782
8591,1734000,24.7333
8603,1736000,99.2581
8614,1738000,54.2797
8623,1740000,49.6151
8633,1742000,81.222
8643,1744000,35.8647
8654,1746000,60.1993
8665,1748000,68.235
8676,1750000,81.8613
8687,1752000,86.5392
8698,1754000,74.311
8708,1756000,119.346
8719,1758000,43.1242
8731,1760000,87.9053
8741,1762000,125.2356
8752,1764000,35.0367
8762,1766000,24.6989
8773,1768000,109.6883
8784,1770000,122.6156
8794,1772000,99.918
8805,1774000,121.6235
8815,1776000,-8.5663
8826,1778000,67.4969
8836,1780000,52.9498
8846,1782000,91.6082
8857,1784000,79.4489
8868,1786000,26.1076
8878,1788000,-1.6552
8888,1790000,-4.6081
8899,1792000,-83.8779
8908,1794000,5.9872
8918,1796000,67.5507
8928,1798000,69.0495
8937,1800000,91.2096
8947,1802000,58.389
8956,1804000,17.1641
8965,1806000,56.0198
8974,1808000,67.3467
8984,1810000,12.6866
8995,1812000,31.5683
9006,1814000,19.5512
9015,1816000,-93.4603
9025,1818000,-32.9761
9035,1820000,42.4652
9046,1822000,76.9617
9056,1824000,-33.7029
9066,1826000,-21.3933
9076,1828000,57.174
9086,1830000,60.8478
9096,1832000,67.9776
9106,1834000,19.9077
9117,1836000,63.3979
9127,1838000,40.3481
9136,1840000,-12.7865
9146,1842000,53.0962
9157,1844000,68.1705
9167,1846000,22.7012
9178,1848000,42.3176
9188,1850000,88.5654
9198,1852000,74.1171
9209,1854000,-57.31
9218,1856000,-50.2494
9229,1858000,90.211
9239,1860000,51.0211
9250,1862000,7.514
9261,1864000,86.8713
9271,1866000,49.1231
9282,1868000,15.9546
9291,1870000,24.3258
9302,1872000,44.402
9311,1874000,-58.5724
9321,1876000,45.0181
9332,1878000,93.7311
9341,1880000,-25.1241
9351,1882000,22.1306
9361,1884000,62.1435
9372,1886000,137.7533
9383,1888000,108.6479
9392,1890000,-170.5047
9401,1892000,71.0198
9412,1894000,-41.4391
9421,1896000,-240.9423
9432,1898000,22.2301
9442,1900000,60.2083
9452,1902000,2.6637
9462,1904000,56.6902
9472,1906000,-36.7246
9481,1908000,-30.5172
9491,1910000,32.5659
9502,1912000,51.7391
9512,1914000,70.1055
9521,1916000,32.9156
9530,1918000,-15.9458
9540,1920000,-39.0125
9550,1922000,-111.1778
9560,1924000,13.185
9570,1926000,51.9156
9579,1928000,136.6215
9590,1930000,-35.207
9599,1932000,-172.2591
9610,1934000,44.898
9619,1936000,-32.7227
9629,1938000,-67.1862
9639,1940000,-15.57
9648,1942000,-48.1738
9659,1944000,41.7852
9668,1946000,-8.1184
9678,1948000,97.7979
9688,1950000,99.8538
9699,1952000,44.9322
9709,1954000,78.9746
9720,1956000,2.4197
9730,1958000,50.3966
9741,1960000,77.8729
9751,1962000,20.0577
9761,1964000,38.819
9771,1966000,20.9752
9781,1968000,35.5124
9791,1970000,-0.5194
9800,1972000,36.585
9811,1974000,27.6212
9821,1976000,8.6169
9830,1978000,24.0472
9840,1980000,30.5099
9851,1982000,89.3441
9861,1984000,47.2152
9872,1986000,65.605
9882,1988000,46.2512
9892,1990000,83.5343
9903,1992000,58.3137
9914,1994000,47.4043
9923,1996000,95.5398
9933,1998000,30.8644
9943,2000000,10.4753
9953,2002000,73.4055
9963,2004000,50.0387
9975,2006000,65.1159
9985,2008000,49.054
9996,2010000,62.8563
10005,2012000,-36.444
10015,2014000,36.5107
10025,2016000,56.8349
10035,2018000,7.5523
10044,2020000,10.6404
10055,2022000,82.2083
10066,2024000,126.3698
10075,2026000,-8.121
10085,2028000,69.5122
10094,2030000,41.9987
10104,2032000,49.9235
10114,2034000,141.1388
10124,2036000,-12.6805
10134,2038000,6.6415
10144,2040000,-95.9137
10154,2042000,-29.835
10165,2044000,28.0761
10174,2046000,53.2926
10183,2048000,-5.105
10193,2050000,97.2211
10203,2052000,4.3361
10212,2054000,49.0645
10222,2056000,25.0973
10232,2058000,21.0326
10242,2060000,-19.2608
10253,2062000,69.0379
10263,2064000,8.8681
10273,2066000,22.1483
10283,2068000,34.8942
10293,2070000,109.684
10303,2072000,26.6218
10313,2074000,45.7559
10323,2076000,-37.2134
10334,2078000,66.1399
10344,2080000,38.3491
10354,2082000,49.8467
10364,2084000,59.8766
10374,2086000,-8.2491
10385,2088000,48.0973
10395,2090000,80.8046
10405,2092000,105.2724
10415,2094000,97.5214
10425,2096000,83.276
10436,2098000,183.072
10447,2100000,-1.2248
10456,2102000,-11.3096
10467,2104000,126.9943
10477,2106000,49.5154
10487,2108000,26.1719
10497,2110000,58.7169
10507,2112000,-17.5147
10518,2114000,104.9636
10528,2116000,85.1454
10539,2118000,102.3519
10549,2120000,89.5558
10559,2122000,32.6688
10570,2124000,162.5718
10579,2126000,60.2609
10590,2128000,134.3831
10600,2130000,41.948
10610,2132000,99.1627
10620,2134000,160.5264
10631,2136000,102.153
10641,2138000,24.6658
10652,2140000,-12.5452
10663,2142000,100.3096
10673,2144000,82.3453
10683,2146000,39.9656
10692,2148000,36.2726
10703,2150000,33.3897
10714,2152000,56.4645
10723,2154000,90.3336
10733,2156000,115.4904
10742,2158000,-14.0459
10753,2160000,105.13
10762,2162000,49.485
10772,2164000,42.7694
10783,2166000,7.5225
10793,2168000,77.1985
10802,2170000,-11.8726
10813,2172000,-10.5868
10823,2174000,143.5267
10832,2176000,7.5186
10842,2178000,53.709
10852,2180000,57.3466
10863,2182000,68.4646
10873,2184000,23.4627
10884,2186000,67.1191
10894,2188000,73.1157
10904,2190000,-47.2478
10914,2192000,76.65
10925,2194000,62.7599
10936,2196000,24.352
10945,2198000,-34.2938
10955,2200000,61.5432
10964,2202000,-5.5516
10974,2204000,88.4522
10985,2206000,85.0685
10996,2208000,102.4506
11006,2210000,83.9209
11018,2212000,45.3235
11027,2214000,51.2369
11038,2216000,28.2244
11048,2218000,103.9028
11059,2220000,109.9612
11068,2222000,17.192
11078,2224000,-87.1761
11088,2226000,89.269
11098,2228000,101.5885
11108,2230000,-42.353
11118,2232000,78.3187
11129,2234000,110.8799
11140,2236000,84.9953
11150,2238000,134.2682
11159,2240000,63.3168
11168,2242000,112.0845
11178,2244000,69.5168
11188,2246000,61.3112
11197,2248000,45.5469
11207,2250000,126.9257
11217,2252000,96.6282
11225,2254000,28.7216
11234,2256000,-35.1552
11243,2258000,39.436
11253,2260000,117.4722
11262,2262000,-8.7027
11271,2264000,-5.4842
11279,2266000,6.5944
11290,2268000,43.4092
11300,2270000,50.7075
11309,2272000,119.3926
11319,2274000,210.5886
11330,2276000,143.2326
11340,2278000,195.5082
11350,2280000,87.5927
11359,2282000,-101.2754
11369,2284000,86.878
11378,2286000,-50.198
11387,2288000,-27.7076
11396,2290000,77.0494
11406,2292000,43.5422
11416,2294000,-9.7128
11425,2296000,-190.4226
11434,2298000,-196.689
11443,2300000,-166.289
11452,2302000,-197.9966
11461,2304000,-123.0106
11471,2306000,155.6388
11480,2308000,-46.5583
11489,2310000,-24.2299
11499,2312000,13.3409
11509,2314000,-18.6618
11519,2316000,40.7669
11528,2318000,-0.032
11538,2320000,193.5189
11547,2322000,-63.5279
11556,2324000,21.5641
11566,2326000,-17.1015
11575,2328000,-39.5884
11585,2330000,98.2393
11594,2332000,24.5234
11604,2334000,56.1154
11613,2336000,-13.7347
11624,2338000,97.9209
11634,2340000,63.8637
11643,2342000,36.4888
11652,2344000,37.7059
11662,2346000,127.8893
11671,2348000,32.3551
11681,2350000,112.633
11691,2352000,15.245
11700,2354000,54.5872
11709,2356000,214.9132
11718,2358000,-17.813
11727,2360000,60.7349
11738,2362000,77.5757
11746,2364000,56.9579
11756,2366000,12.7858
11765,2368000,42.909
11775,2370000,45.4833
11784,2372000,102.6886
11793,2374000,127.8752
11803,2376000,110.2245
11812,2378000,131.9547
11821,2380000,120.3891
11830,2382000,-35.2817
11839,2384000,157.9089
11848,2386000,70.0209
11859,2388000,59.3255
11868,2390000,113.3829
11878,2392000,117.8003
11888,2394000,149.5732
11898,2396000,125.0102
11907,2398000,74.1287
11917,2400000,39.9746
